<?xml version="1.0" encoding="UTF-8"?>
<beans xmlns="http://www.springframework.org/schema/beans"
	xmlns:xsi="http://www.w3.org/2001/XMLSchema-instance"
	xmlns:context="http://www.springframework.org/schema/context"
	xmlns:mvc="http://www.springframework.org/schema/mvc"
	xsi:schemaLocation="http://www.springframework.org/schema/beans http://www.springframework.org/schema/beans/spring-beans.xsd
		http://www.springframework.org/schema/context http://www.springframework.org/schema/context/spring-context-4.3.xsd
		http://www.springframework.org/schema/mvc http://www.springframework.org/schema/mvc/spring-mvc-4.3.xsd">

 <context:component-scan base-package="com.cjc"></context:component-scan>


<bean id="viewResolver" class="org.springframework.web.servlet.view.InternalResourceViewResolver">
<property name="prefix" value="/views/"/>
<property name="suffix" value=".jsp"/>
</bean>

<bean id="jdbc" class="org.springframework.jdbc.datasource.DriverManagerDataSource">
<property name="driverClassName" value="com.mysql.cj.jdbc.Driver"/>
<property name="url" value="jdbc:mysql://localhost:3306/sk"/>
<property name="username" value="root"/>
<property name="password" value="ROOT"/>
</bean>

 <bean id="sf" class="org.springframework.orm.hibernate5.LocalSessionFactoryBean" autowire="byType">
 <property name="hibernateProperties" >
 <props>
 <prop key="hibernate.dialect">org.hibernate.dialect.MySQL55Dialect</prop>
 <prop key="hibernate.hbm2ddl.auto">update</prop>
 <prop key="hibernate.show_sql">true</prop>
 </props>
 </property>
 <property name="annotatedClasses">
 <list>
 <value>com.cjc.model.Course</value>

 </list>
 </property>

</bean>
</beans>
